id,batchnum,condition,case,consistency
,179,group,0,1
,179,nominal,1,1
5d6feec65f80ae21f5c5f054,179,individual,1,1
5e7e4f4c31f4e454e196c9c4,179,individual,1,1
5e8b6dd0b35db8283c501b7a,179,individual,1,0
5e84cc3c50f6e364321d6265,179,ind in groups,0,0
5e8b6dd0b35db8283c501b7a,179,ind in groups,0,1
,179,group,0,0
,179,nominal,1,0
5d482eab21c9be351f764234,179,individual,1,0
5e84cc1450f6e364321d6260,179,individual,1,0
5e84cc1450f6e364321d6260,179,ind in groups,0,1
5e8b6f06b35db8283c501ca6,179,ind in groups,0,0
,179,group,0,1
,179,nominal,1,0
5e877eb4a44a3116d9b95f15,179,individual,1,1
5e8b395036ec0e1294b35f15,179,individual,1,0
5e877eb4a44a3116d9b95f15,179,ind in groups,0,1
5e8b395036ec0e1294b35f15,179,ind in groups,0,1
5e9de67c9dc0406f898722c3,179,ind in groups,0,0
5e9de6b89dc0406f898722c6,179,ind in groups,0,1
,179,group,1,1
,179,nominal,0,0
5e9de4ec9dc0406f89872255,179,individual,0,1
5e9dec4e9dc0406f898726cd,179,individual,0,0
5e9de7589dc0406f898722cd,179,ind in groups,1,1
5e9dea789dc0406f89872547,179,ind in groups,1,1
5e9dec4e9dc0406f898726cd,179,ind in groups,1,1
,179,group,0,1
,179,nominal,1,1
5d482eab21c9be351f76415b,179,individual,1,1
5e9f0ef89dc0406f89874ecc,179,individual,1,0
5e9f0f209dc0406f89874f09,179,individual,1,1
5e9f11d29dc0406f89875089,179,individual,1,1
5e9f13589dc0406f89875291,179,individual,1,1
5e9f0ef89dc0406f89874ecc,179,ind in groups,0,0
5e9f0f209dc0406f89874f09,179,ind in groups,0,1
5e9f11d29dc0406f89875089,179,ind in groups,0,1
5e9f13589dc0406f89875291,179,ind in groups,0,1
,179,group,1,1
,179,nominal,0,0
5d482eab21c9be351f764270,179,individual,0,1
5e9f0d869dc0406f89874dc3,179,individual,0,1
5e9f0e9e9dc0406f89874e9d,179,individual,0,1
5d482eab21c9be351f764270,179,ind in groups,1,1
5e873b6646f3b80a33438e79,179,ind in groups,1,1
5e9f0b9c9dc0406f89874c96,179,ind in groups,1,1
5e9f0d869dc0406f89874dc3,179,ind in groups,1,1
5e9f0e9e9dc0406f89874e9d,179,ind in groups,1,0
,179,group,1,0
,179,nominal,0,0
5d482eab21c9be351f763f55,179,individual,0,0
5d482eab21c9be351f763fde,179,ind in groups,1,0
5d482eab21c9be351f763f55,179,ind in groups,1,1
5e9f0ac09dc0406f898749a1,179,ind in groups,1,0
5e9f0ac09dc0406f898749a2,179,ind in groups,1,1
,179,group,0,1
,179,nominal,1,1
5e9decf89dc0406f89872747,179,individual,1,0
5d482eab21c9be351f76412c,179,ind in groups,0,0
5e543e5ad1db96705ff13ef0,179,ind in groups,0,1
5e9de8489dc0406f898722ef,179,ind in groups,0,1
5e9deb229dc0406f898725e9,179,ind in groups,0,0
5e9decf89dc0406f89872747,179,ind in groups,0,1
,179,group,0,1
,179,nominal,1,1
5d482ea821c9be351f763565,179,individual,1,1
5e9f51109dc0406f8987a7e0,179,individual,1,1
5e9f53cc9dc0406f8987ac5a,179,individual,1,1
5d482ea821c9be351f763565,179,ind in groups,0,0
5e9f37529dc0406f89877680,179,ind in groups,0,1
5e9f51109dc0406f8987a7e0,179,ind in groups,0,1
5e9f53cc9dc0406f8987ac5a,179,ind in groups,0,1
,179,group,1,1
,179,nominal,0,1
5d482eaa21c9be351f763bb5,179,individual,0,1
5d482eaa21c9be351f763bb5,179,ind in groups,1,0
5d482eaa21c9be351f763c90,179,ind in groups,1,1
5d482eab21c9be351f7641ca,179,ind in groups,1,1
5e9f48469dc0406f8987976c,179,ind in groups,1,1
,179,group,1,1
,179,nominal,0,0
5e84cbb050f6e364321d6258,179,individual,0,1
5e9de7129dc0406f898722c9,179,individual,0,0
5e9f3a0e9dc0406f898777e6,179,individual,0,1
5e9f42d89dc0406f89878720,179,individual,0,1
5e84cbb050f6e364321d6258,179,ind in groups,1,1
5e9f42d89dc0406f89878720,179,ind in groups,1,1
,179,group,0,1
,179,nominal,1,1
5e9f40089dc0406f8987805e,179,individual,1,0
5e9f40129dc0406f89878121,179,individual,1,1
5e9f42069dc0406f89878581,179,individual,1,1
5e9f3dd89dc0406f89877d08,179,ind in groups,0,1
5e9f40129dc0406f89878121,179,ind in groups,0,0
,179,group,1,1
,179,nominal,0,1
5d482eab21c9be351f764150,179,individual,0,1
5e9f12369dc0406f8987514b,179,individual,0,1
5e9f36e49dc0406f8987767c,179,individual,0,1
5e9f12369dc0406f8987514b,179,ind in groups,1,1
5e9f36e49dc0406f8987767c,179,ind in groups,1,1
,179,group,0,1
,179,nominal,1,0
5e9de5329dc0406f8987225e,179,individual,1,1
5e9f0ade9dc0406f898749a7,179,individual,1,1
5e9f39d29dc0406f898777bf,179,individual,1,1
5e9de5329dc0406f8987225e,179,ind in groups,0,1
5e9f35ea9dc0406f89877613,179,ind in groups,0,1
5e9f39d29dc0406f898777bf,179,ind in groups,0,1
,179,group,0,1
,179,nominal,1,0
5e8b38f636ec0e1294b35f12,179,individual,1,1
5e9f35fe9dc0406f89877614,179,individual,1,0
5e9f36309dc0406f89877619,179,individual,1,0
5e8b38f636ec0e1294b35f12,179,ind in groups,0,1
5e9f36309dc0406f89877619,179,ind in groups,0,0
,179,group,0,0
,179,nominal,1,0
5e9de51e9dc0406f8987225c,179,individual,1,1
5d482eab21c9be351f7640ac,179,ind in groups,0,1
5e877a0ea44a3116d9b95d26,179,ind in groups,0,0
5e877f2ca44a3116d9b95f1d,179,ind in groups,0,0
,179,group,0,1
,179,nominal,1,1
5ea0740a9dc0406f8987d411,179,individual,1,1
5d482ea921c9be351f763607,179,ind in groups,0,0
5e9f36449dc0406f8987761b,179,ind in groups,0,1
5ea0740a9dc0406f8987d411,179,ind in groups,0,1
,179,group,0,0
,179,nominal,1,1
5d482ea921c9be351f763619,179,individual,1,1
5d482ea921c9be351f7637ac,179,individual,1,1
5d482eab21c9be351f763e76,179,individual,1,1
5e543be4d1db96705ff13dc6,179,individual,1,1
5e9f4c929dc0406f89879f11,179,individual,1,0
5ea076809dc0406f8987dd98,179,individual,1,0
5d482ea921c9be351f763619,179,ind in groups,0,1
5d482ea921c9be351f7637ac,179,ind in groups,0,1
5e543be4d1db96705ff13dc6,179,ind in groups,0,0
5e9f4c929dc0406f89879f11,179,ind in groups,0,0
5ea076809dc0406f8987dd98,179,ind in groups,0,0
,179,group,1,1
,179,nominal,0,1
5d482ea921c9be351f7636ad,179,individual,0,1
5d482ea921c9be351f763783,179,individual,0,1
5d482eaa21c9be351f76396d,179,individual,0,1
5ea06c089dc0406f8987c3c6,179,individual,0,1
5d482ea921c9be351f7636ad,179,ind in groups,1,1
5d482ea921c9be351f763783,179,ind in groups,1,1
5d482eaa21c9be351f76396d,179,ind in groups,1,1
5ea06c089dc0406f8987c3c6,179,ind in groups,1,1
,179,group,0,0
,179,nominal,1,0
5d482eab21c9be351f763f68,179,individual,1,0
5ea06f469dc0406f8987c82e,179,individual,1,1
,179,group,0,1
,179,nominal,1,1
5d482ea921c9be351f7638f9,179,individual,1,1
5d482eaa21c9be351f763c0e,179,individual,1,1
5d482eaa21c9be351f763db1,179,individual,1,0
5e9f44049dc0406f898789b2,179,individual,1,1
5d482ea921c9be351f7638f9,179,ind in groups,0,0
5d482eaa21c9be351f763c0e,179,ind in groups,0,1
5d482eaa21c9be351f763dc7,179,ind in groups,0,1
5d482eaa21c9be351f763db1,179,ind in groups,0,1
,179,group,1,0
,179,nominal,0,0
5d482eaa21c9be351f763a45,179,individual,0,0
5e9f4d469dc0406f8987a196,179,individual,0,0
5ea076269dc0406f8987dbf8,179,individual,0,1
5d482eaa21c9be351f763a45,179,ind in groups,1,1
5e9f4d469dc0406f8987a196,179,ind in groups,1,1
5ea076269dc0406f8987dbf8,179,ind in groups,1,1
5ea07d9c9dc0406f89880001,179,ind in groups,1,0
,179,group,1,1
,179,nominal,0,1
5ea0998a9dc0406f8988308f,179,individual,0,1
5ea099d09dc0406f898830a9,179,individual,0,1
5ea098d69dc0406f89883084,179,ind in groups,1,1
5ea0998a9dc0406f8988308f,179,ind in groups,1,1
5ea099d09dc0406f898830a9,179,ind in groups,1,1
,179,group,1,1
,179,nominal,0,0
5d482ea721c9be351f762e70,179,individual,0,1
5d482ea821c9be351f763117,179,individual,0,1
5d482ea821c9be351f7633d5,179,individual,0,1
5d482eab21c9be351f763ea6,179,individual,0,0
5d482ea721c9be351f762e70,179,ind in groups,1,1
5d482ea821c9be351f76325f,179,ind in groups,1,1
5d482eab21c9be351f763ea6,179,ind in groups,1,1
,179,group,1,1
,179,nominal,0,1
5d482ea721c9be351f762f60,179,individual,0,1
5d482ea721c9be351f763052,179,individual,0,1
5d482ea821c9be351f7631c5,179,individual,0,1
5d482ea821c9be351f76349b,179,individual,0,0
5d482ea821c9be351f763495,179,individual,0,0
5d482ea821c9be351f7631c5,179,ind in groups,1,1
5d482ea821c9be351f763495,179,ind in groups,1,1
,179,group,0,1
,179,nominal,1,1
5d482ea721c9be351f762efd,179,individual,1,1
5d482ea921c9be351f76365b,179,individual,1,1
5d482ea721c9be351f762efd,179,ind in groups,0,1
,179,group,0,0
,179,nominal,1,1
5d482ea721c9be351f762ef8,179,individual,1,0
5d482ea821c9be351f76312e,179,individual,1,1
5d482ea721c9be351f762ef8,179,ind in groups,0,0
,179,group,0,1
,179,nominal,1,1
5e9f366c9dc0406f8987761f,179,individual,1,1
5d482eaa21c9be351f76399c,179,ind in groups,0,0
5d482eaa21c9be351f763b2d,179,ind in groups,0,1
5e9f366c9dc0406f8987761f,179,ind in groups,0,1
5e9f38249dc0406f8987768b,179,ind in groups,0,1
,179,group,0,0
,179,nominal,1,1
5ea0969c9dc0406f8988301d,179,individual,1,1
5ea0c87e9dc0406f898895c7,179,individual,1,1
5ea0ca2c9dc0406f89889629,179,individual,1,1
5d482ea821c9be351f7630e1,179,ind in groups,0,0
5d482eaa21c9be351f763b0f,179,ind in groups,0,0
5d482eab21c9be351f763eae,179,ind in groups,0,0
5ea0969c9dc0406f8988301d,179,ind in groups,0,0
5ea0c87e9dc0406f898895c7,179,ind in groups,0,0
5ea0ca2c9dc0406f89889629,179,ind in groups,0,0
,179,group,0,1
,179,nominal,1,1
5d482ea721c9be351f762f75,179,individual,1,1
5d482eaa21c9be351f763a60,179,individual,1,1
5d482eab21c9be351f763e96,179,individual,1,0
5d482eab21c9be351f7640f7,179,individual,1,1
5de2ba46b50e5a679ae873f9,179,individual,1,1
5e9f147a9dc0406f898754ae,179,individual,1,0
5d482ea721c9be351f762f75,179,ind in groups,0,1
5d482eab21c9be351f763e96,179,ind in groups,0,1
5de2ba46b50e5a679ae873f9,179,ind in groups,0,1
,179,group,0,0
,179,nominal,1,1
5ea06bb89dc0406f8987c3bf,179,individual,1,0
5ea07c529dc0406f8987f80b,179,individual,1,1
5ea0a7869dc0406f89885172,179,individual,1,1
5ea0a13c9dc0406f89883cf0,179,ind in groups,0,1
,179,group,1,1
,179,nominal,0,0
5d482eaa21c9be351f763936,179,individual,0,0
5d482eaa21c9be351f763936,179,ind in groups,1,1
5e9f3b1c9dc0406f89877985,179,ind in groups,1,0
5ea0ce1e9dc0406f898899ba,179,ind in groups,1,1
,179,group,0,1
,179,nominal,1,0
5d482ea821c9be351f763550,179,individual,1,0
5d482ea921c9be351f7636b3,179,individual,1,0
5ea0d1529dc0406f89889dde,179,individual,1,1
5d482ea821c9be351f763550,179,ind in groups,0,0
5d482ea921c9be351f7636b3,179,ind in groups,0,1
5d482eab21c9be351f763f0a,179,ind in groups,0,1
5ea0d24c9dc0406f89889f5f,179,ind in groups,0,1
,179,group,0,0
,179,nominal,1,1
5ea0d59e9dc0406f8988a5f0,179,individual,1,0
5d482eaa21c9be351f763bbc,179,ind in groups,0,0
5ea0d1f29dc0406f89889eef,179,ind in groups,0,1
5ea0d59e9dc0406f8988a5f0,179,ind in groups,0,1
,179,group,0,0
,179,nominal,1,1
5d482ea821c9be351f763456,179,individual,1,0
5d482eab21c9be351f764138,179,individual,1,1
5d482ea721c9be351f76308e,179,ind in groups,0,1
,179,group,0,1
,179,nominal,1,0
5d482ea821c9be351f76310c,179,individual,1,1
5d482ea921c9be351f7636fb,179,individual,1,0
5d482eaa21c9be351f763af0,179,individual,1,0
5d482ea821c9be351f76310c,179,ind in groups,0,1
5d482ea921c9be351f7636fb,179,ind in groups,0,1
5d482eaa21c9be351f763b6e,179,ind in groups,0,0
5d482eaa21c9be351f763af0,179,ind in groups,0,1
,179,group,1,1
,179,nominal,0,1
5d482ea721c9be351f762dbf,179,individual,0,1
5d482ea821c9be351f76322c,179,individual,0,1
5d482ea821c9be351f763435,179,individual,0,1
5d482ea821c9be351f763435,179,ind in groups,1,1
,179,group,1,1
,179,nominal,0,1
5d482ea721c9be351f762d69,179,individual,0,1
5d482ea821c9be351f76309e,179,individual,0,1
5d482ea721c9be351f762d69,179,ind in groups,1,0
5d482ea821c9be351f76309e,179,ind in groups,1,1
5d482ea821c9be351f763232,179,ind in groups,1,1
,179,group,1,1
,179,nominal,0,0
5d482ea721c9be351f762dea,179,individual,0,1
5d482ea721c9be351f762e52,179,individual,0,1
5d482eaa21c9be351f763a08,179,individual,0,1
5e9de5329dc0406f8987225d,179,individual,0,0
5e9f0aa29dc0406f8987499b,179,individual,0,0
5ea0ded69dc0406f8988c09b,179,individual,0,1
5ea1b66cde5d74641b66face,179,individual,0,0
5d482ea721c9be351f762dea,179,ind in groups,1,1
5d482eaa21c9be351f763a08,179,ind in groups,1,1
5e9de5329dc0406f8987225d,179,ind in groups,1,0
5e9f0aa29dc0406f8987499b,179,ind in groups,1,0
5ea0ded69dc0406f8988c09b,179,ind in groups,1,1
5ea1b66cde5d74641b66face,179,ind in groups,1,0
,179,group,0,1
,179,nominal,1,0
5ea1bd4cde5d74641b6704e8,179,individual,1,0
5d482ea821c9be351f7630f1,179,ind in groups,0,1
5e9dec449dc0406f898726b6,179,ind in groups,0,1
5ea1bd4cde5d74641b6704e8,179,ind in groups,0,1
,179,group,0,0
,179,nominal,1,0
5ea097789dc0406f8988302a,179,individual,1,0
5ea0deb89dc0406f8988c091,179,individual,1,1
5ea0f0f69dc0406f8988e1fc,179,individual,1,1
5ea1bc66de5d74641b6704c6,179,individual,1,1
5d482eaa21c9be351f763ad8,179,ind in groups,0,0
5ea097789dc0406f8988302a,179,ind in groups,0,1
5ea1bc66de5d74641b6704c6,179,ind in groups,0,1
,179,group,1,1
,179,nominal,0,0
5d482ea621c9be351f762a2a,179,individual,0,0
5d482eab21c9be351f763f3a,179,individual,0,1
5d482ea621c9be351f762a2a,179,ind in groups,1,1
5d482eab21c9be351f763f3a,179,ind in groups,1,0
,179,group,1,0
,179,nominal,0,0
5d482ea621c9be351f762aa4,179,individual,0,1
5d482ea721c9be351f762dda,179,individual,0,0
5d482ea821c9be351f7631f3,179,individual,0,1
5d482ea621c9be351f762aa4,179,ind in groups,1,0
5d482ea721c9be351f762dda,179,ind in groups,1,0
5d482ea821c9be351f7631f3,179,ind in groups,1,0
,179,group,0,1
,179,nominal,1,0
5d482ea621c9be351f76281b,179,individual,1,0
5d482ea621c9be351f76281b,179,ind in groups,0,1
,179,group,0,0
,179,nominal,1,0
5d482ea621c9be351f762779,179,individual,1,1
5d482ea621c9be351f7628db,179,individual,1,1
5ea1c742de5d74641b670c40,179,individual,1,1
5d482ea621c9be351f762779,179,ind in groups,0,1
5d482ea621c9be351f7628db,179,ind in groups,0,0
5ea1c742de5d74641b670c40,179,ind in groups,0,0
,179,group,0,0
,179,nominal,1,1
5d482ea521c9be351f762719,179,individual,1,1
5d482ea621c9be351f7627ba,179,individual,1,0
5d482ea621c9be351f7628c8,179,individual,1,1
5d482ea621c9be351f76297b,179,individual,1,0
5d482ea721c9be351f76306b,179,individual,1,1
5e9f4f9e9dc0406f8987a4fe,179,individual,1,1
5d482ea521c9be351f762719,179,ind in groups,0,1
5d482ea621c9be351f7628c8,179,ind in groups,0,1
5d482ea621c9be351f76297b,179,ind in groups,0,1
5d482ea621c9be351f7629b7,179,ind in groups,0,1
5e9f4f9e9dc0406f8987a4fe,179,ind in groups,0,1
,179,group,1,0
,179,nominal,0,0
5d482ea621c9be351f76273d,179,individual,0,0
5d482ea621c9be351f762881,179,individual,0,0
5d482ea621c9be351f762976,179,individual,0,0
5d482ea621c9be351f762bbf,179,individual,0,1
5d482ea621c9be351f76273d,179,ind in groups,1,0
5d482ea621c9be351f762881,179,ind in groups,1,1
5d482ea621c9be351f762976,179,ind in groups,1,1
5d482ea621c9be351f762bbf,179,ind in groups,1,0
,179,group,0,1
,179,nominal,1,1
5d482ea621c9be351f762911,179,individual,1,1
5d482ea621c9be351f762a97,179,individual,1,1
5d482ea721c9be351f762cb3,179,individual,1,1
5ea12e4ade5d74641b66be98,179,individual,1,1
5d482ea621c9be351f762911,179,ind in groups,0,1
5d482ea621c9be351f762a97,179,ind in groups,0,1
5ea0d2929dc0406f89889f9f,179,ind in groups,0,1
5ea12e4ade5d74641b66be98,179,ind in groups,0,1
,179,group,1,1
,179,nominal,0,1
5ea6f820002f966295b20060,179,individual,0,1
5ea6f884002f966295b20062,179,individual,0,1
5ea1d246de5d74641b67178a,179,ind in groups,1,1
,179,group,1,1
,179,nominal,0,1
5d482eaa21c9be351f763be9,179,individual,0,1
5ea6f618002f966295b20008,179,individual,0,1
5d482eaa21c9be351f763be9,179,ind in groups,1,1
5ea0dd3c9dc0406f8988bd94,179,ind in groups,1,1
5ea6f550002f966295b1fffc,179,ind in groups,1,1
5ea6f596002f966295b20001,179,ind in groups,1,1
5ea6f618002f966295b20008,179,ind in groups,1,1
,179,group,1,1
,179,nominal,0,0
5d482ea621c9be351f7629f2,179,ind in groups,1,1
5ea721c43ecdad55471ffa70,179,ind in groups,1,1
,179,group,1,1
,179,nominal,0,1
5d482ea521c9be351f762519,179,individual,0,1
5d482ea521c9be351f76254b,179,individual,0,0
5d482ea521c9be351f762540,179,individual,0,1
5d482ea521c9be351f76270e,179,individual,0,1
5d482ea521c9be351f76254b,179,ind in groups,1,1
5d482ea521c9be351f762540,179,ind in groups,1,1
5d482ea521c9be351f76270e,179,ind in groups,1,1
,179,group,0,0
,179,nominal,1,1
5d482ea521c9be351f7624c6,179,individual,1,0
5d482ea521c9be351f7625cc,179,individual,1,1
5d482ea521c9be351f7626f2,179,individual,1,0
5d482ea821c9be351f763554,179,individual,1,1
5ea724e43ecdad55471ffdce,179,individual,1,1
5ea728b83ecdad55472000c2,179,individual,1,1
5d482ea521c9be351f7625cc,179,ind in groups,0,0
5ea724e43ecdad55471ffdce,179,ind in groups,0,1
5ea728b83ecdad55472000c2,179,ind in groups,0,0
,179,group,1,1
,179,nominal,0,1
5d482ea721c9be351f762be2,179,individual,0,1
5ea634947c882f6974ff30ff,179,individual,0,1
5d482ea721c9be351f762be2,179,ind in groups,1,1
5ea12f30de5d74641b66be9c,179,ind in groups,1,1
5ea634947c882f6974ff30ff,179,ind in groups,1,1
,179,group,1,1
,179,nominal,0,1
5d482ea721c9be351f762cc8,179,individual,0,1
5d482ea921c9be351f76373a,179,individual,0,1
5ea632967c882f6974ff2f5d,179,individual,0,1
5ea71fee3ecdad55471ff9b9,179,individual,0,1
5d482ea921c9be351f76373a,179,ind in groups,1,1
5d482eab21c9be351f7640eb,179,ind in groups,1,1
5ea71fee3ecdad55471ff9b9,179,ind in groups,1,0
,179,group,0,1
,179,nominal,1,0
5ea1e538de5d74641b67621a,179,individual,1,1
5ea63e627c882f6974ff3235,179,individual,1,1
5ea1e538de5d74641b67621a,179,ind in groups,0,1
5ea63e627c882f6974ff3235,179,ind in groups,0,1
,179,group,1,1
,179,nominal,0,0
5d482ea821c9be351f763208,179,individual,0,0
5d482ea821c9be351f76354a,179,individual,0,1
5d482eaa21c9be351f763baf,179,individual,0,1
5ea63ba67c882f6974ff320d,179,individual,0,1
5d482ea821c9be351f7630ab,179,ind in groups,1,0
5ea63ba67c882f6974ff320d,179,ind in groups,1,1
,179,group,1,1
,179,nominal,0,1
5d482ea821c9be351f76344b,179,individual,0,1
5d482ea921c9be351f7635e8,179,individual,0,1
5d482eab21c9be351f763de7,179,individual,0,1
5ea1d192de5d74641b671760,179,individual,0,1
5ea6f7b2002f966295b20020,179,individual,0,1
5d482ea821c9be351f76344b,179,ind in groups,1,1
5d482ea921c9be351f7635e8,179,ind in groups,1,1
5d482eaa21c9be351f763c82,179,ind in groups,1,1
5d482eab21c9be351f763de7,179,ind in groups,1,1
5ea1d192de5d74641b671760,179,ind in groups,1,1
5ea6f7b2002f966295b20020,179,ind in groups,1,1
,179,group,0,1
,179,nominal,1,0
5d482ea821c9be351f7631ba,179,individual,1,1
5ea6fc58002f966295b20107,179,individual,1,1
5ea7338a3ecdad5547202357,179,individual,1,0
5ea7381c3ecdad5547203134,179,individual,1,1
5d482ea721c9be351f762f61,179,ind in groups,0,1
5ea7338a3ecdad5547202357,179,ind in groups,0,1
,179,group,0,0
,179,nominal,1,1
5d482ea721c9be351f762ce8,179,individual,1,1
5d482ea721c9be351f762da7,179,individual,1,1
5d482ea721c9be351f762ce8,179,ind in groups,0,0
5d482ea721c9be351f762da7,179,ind in groups,0,0
5ea798e821028d2296a4ab67,179,ind in groups,0,0
5ea7a0ae21028d2296a4ccb3,179,ind in groups,0,0
,179,group,1,1
,179,nominal,0,1
5d482ea421c9be351f7621db,179,individual,0,1
5d482ea421c9be351f762215,179,individual,0,1
5d482ea421c9be351f7622cd,179,individual,0,1
5d482ea621c9be351f76287d,179,individual,0,1
5ea76260fd339b022f9cebd6,179,individual,0,0
5ea790d221028d2296a49375,179,individual,0,1
5d482ea421c9be351f762215,179,ind in groups,1,0
5d482ea421c9be351f7622cd,179,ind in groups,1,1
5d482ea621c9be351f76287d,179,ind in groups,1,1
5ea76260fd339b022f9cebd6,179,ind in groups,1,1
5ea790d221028d2296a49375,179,ind in groups,1,1
,179,group,0,1
,179,nominal,1,0
5d482ea321c9be351f762191,179,individual,1,0
,179,group,1,1
,179,nominal,0,1
5d482ea521c9be351f76272d,179,individual,0,1
5d482ea721c9be351f76300d,179,individual,0,1
5d482ea821c9be351f763507,179,individual,0,0
5d482ea521c9be351f76272d,179,ind in groups,1,1
5d482ea721c9be351f76300d,179,ind in groups,1,1
5d482ea821c9be351f763507,179,ind in groups,1,1
,179,group,0,1
,179,nominal,1,0
5d482ea421c9be351f762324,179,individual,1,1
5d482ea421c9be351f76238f,179,individual,1,0
5d482ea621c9be351f762bac,179,individual,1,1
5d482ea721c9be351f762d8e,179,individual,1,1
5ea78bbe21028d2296a48d8c,179,individual,1,1
5d482ea421c9be351f762324,179,ind in groups,0,1
5d482ea521c9be351f76242c,179,ind in groups,0,1
5d482ea721c9be351f762d8e,179,ind in groups,0,0
5ea78bbe21028d2296a48d8c,179,ind in groups,0,1
,179,group,0,1
,179,nominal,1,1
5d482ea621c9be351f76290a,179,individual,1,1
5d482ea821c9be351f763292,179,individual,1,1
5ea75f18fd339b022f9cebb0,179,individual,1,0
5d482ea521c9be351f762725,179,ind in groups,0,1
5d482ea621c9be351f76290a,179,ind in groups,0,1
5d482ea721c9be351f76300a,179,ind in groups,0,0
5d482ea821c9be351f763292,179,ind in groups,0,0
5ea75f18fd339b022f9cebb0,179,ind in groups,0,1
,179,group,1,0
,179,nominal,0,0
5d482ea621c9be351f76278b,179,individual,0,0
5d482ea621c9be351f762b47,179,individual,0,1
5d482ea621c9be351f76278b,179,ind in groups,1,1
5d482ea621c9be351f762852,179,ind in groups,1,0
,179,group,1,0
,179,nominal,0,0
5d482ea721c9be351f762f97,179,ind in groups,1,0
5d482ea821c9be351f7631bd,179,ind in groups,1,0
5d482ea821c9be351f7634a7,179,ind in groups,1,1
5d482ea921c9be351f76366e,179,ind in groups,1,0
,179,group,0,1
,179,nominal,1,1
5d482ea521c9be351f762645,179,individual,1,1
5d482ea821c9be351f763358,179,individual,1,0
5d482ea821c9be351f7633c1,179,individual,1,1
5d482eab21c9be351f763eff,179,individual,1,1
5ea73b643ecdad5547203840,179,individual,1,1
5ea75dc4fd339b022f9ceb9c,179,individual,1,1
5ea788e421028d2296a48cb8,179,individual,1,1
5d482ea821c9be351f763358,179,ind in groups,0,1
5ea19fe2de5d74641b66c67a,179,ind in groups,0,1
5ea75dc4fd339b022f9ceb9c,179,ind in groups,0,1
,179,group,1,1
,179,nominal,0,1
5d482ea821c9be351f7634eb,179,individual,0,1
5d482ea921c9be351f763891,179,individual,0,1
5d482eaa21c9be351f763c80,179,individual,0,1
5ea736e63ecdad5547202f44,179,individual,0,0
5d482ea821c9be351f7634eb,179,ind in groups,1,1
5d482eaa21c9be351f763c80,179,ind in groups,1,0
5ea736e63ecdad5547202f44,179,ind in groups,1,1
,179,group,1,0
,179,nominal,0,0
5d482ea521c9be351f7625ef,179,individual,0,1
5d482eab21c9be351f764173,179,individual,0,1
5ea6fc76002f966295b2010a,179,individual,0,0
5ea73a743ecdad554720364b,179,individual,0,0
5ea75d88fd339b022f9ceb96,179,individual,0,1
5ea63b2e7c882f6974ff3205,179,ind in groups,1,1
5ea6fc76002f966295b2010a,179,ind in groups,1,0
5ea73a743ecdad554720364b,179,ind in groups,1,0
5ea75d88fd339b022f9ceb96,179,ind in groups,1,1
,179,group,0,1
,179,nominal,1,1
5d482ea821c9be351f7632bd,179,individual,1,1
5d482ea821c9be351f763398,179,individual,1,1
5ea888a27d50722703c540f0,179,individual,1,0
5d482ea821c9be351f7632bd,179,ind in groups,0,1
5ea888a27d50722703c540f0,179,ind in groups,0,0
,179,group,1,1
,179,nominal,0,1
5d482ea621c9be351f76280f,179,individual,0,0
5d482ea721c9be351f762ca2,179,individual,0,1
5ea873447d50722703c5242f,179,individual,0,1
5ea877b87d50722703c52da7,179,individual,0,1
5ea883c07d50722703c53b68,179,individual,0,1
5ea869c67d50722703c4fd3d,179,ind in groups,1,1
,179,group,0,0
,179,nominal,1,0
5d482ea821c9be351f7634d3,179,individual,1,0
5ea7a4e621028d2296a4dba0,179,individual,1,0
5ea87ef27d50722703c5358e,179,individual,1,1
,179,group,0,0
,179,nominal,1,0
5d482eab21c9be351f763e48,179,individual,1,0
5d482ea721c9be351f762cd9,179,ind in groups,0,0
5d482eab21c9be351f763e48,179,ind in groups,0,1
,179,group,0,1
,179,nominal,1,1
5d482ea421c9be351f762239,179,individual,1,0
5d482ea621c9be351f7629ec,179,individual,1,1
5d482ea421c9be351f762239,179,ind in groups,0,1
5d482ea521c9be351f76254e,179,ind in groups,0,1
5d482ea621c9be351f7629ec,179,ind in groups,0,1
5d482ea721c9be351f762d1d,179,ind in groups,0,1
5ea8542c7d50722703c4cbff,179,ind in groups,0,1
5ea86c327d50722703c5064e,179,ind in groups,0,1
,179,group,1,0
,179,nominal,0,1
5d482ea421c9be351f762375,179,individual,0,1
5d482ea421c9be351f762375,179,ind in groups,1,0
5d482ea521c9be351f7625d2,179,ind in groups,1,0
5d482ea621c9be351f762987,179,ind in groups,1,0
5e821b0450f6e364321d5460,179,ind in groups,1,1
5ea63b6a7c882f6974ff320c,179,ind in groups,1,1
5ea868d67d50722703c4f7a7,179,ind in groups,1,0
,179,group,0,0
,179,nominal,1,0
5d482ea521c9be351f762435,179,individual,1,0
5d482ea821c9be351f763100,179,individual,1,0
5d482ea921c9be351f763594,179,individual,1,0
5d482ea521c9be351f762435,179,ind in groups,0,0
5d482ea921c9be351f763594,179,ind in groups,0,0
,179,group,0,1
,179,nominal,1,1
5d482ea921c9be351f7636f9,179,individual,1,1
5ea85db47d50722703c4d40b,179,individual,1,0
5ea861c47d50722703c4dd0d,179,individual,1,1
5d482ea921c9be351f7636f9,179,ind in groups,0,1
5ea85db47d50722703c4d40b,179,ind in groups,0,1
5ea861c47d50722703c4dd0d,179,ind in groups,0,1
,179,group,0,1
,179,nominal,1,0
5d482ea521c9be351f7623ba,179,individual,1,0
5d482ea521c9be351f76251c,179,individual,1,1
5d482ea921c9be351f763718,179,individual,1,1
5ea0d3aa9dc0406f8988a14d,179,individual,1,1
5d482ea521c9be351f7623ba,179,ind in groups,0,1
5d482ea521c9be351f76251c,179,ind in groups,0,1
5d482ea621c9be351f76286d,179,ind in groups,0,1
5d482ea621c9be351f762a0f,179,ind in groups,0,1
5d482ea921c9be351f763718,179,ind in groups,0,1
5ea0d3aa9dc0406f8988a14d,179,ind in groups,0,1
5ea7a48c21028d2296a4dae0,179,ind in groups,0,1
,179,group,0,0
,179,nominal,1,1
5d482ea521c9be351f7624e8,179,individual,1,1
5d482ea621c9be351f762b19,179,individual,1,0
5ea85ae47d50722703c4cee5,179,individual,1,1
5ea85e047d50722703c4d435,179,individual,1,1
5d482ea521c9be351f7624e8,179,ind in groups,0,0
5d482ea621c9be351f7629fe,179,ind in groups,0,0
5d482ea721c9be351f763076,179,ind in groups,0,0
5d482eaa21c9be351f763dc0,179,ind in groups,0,1
5ea85ae47d50722703c4cee5,179,ind in groups,0,1
5ea85e047d50722703c4d435,179,ind in groups,0,0
,179,group,0,1
,179,nominal,1,0
5d482ea621c9be351f762797,179,individual,1,0
5d482ea821c9be351f763333,179,individual,1,0
5d482ea621c9be351f762797,179,ind in groups,0,1
5d482ea721c9be351f762cd5,179,ind in groups,0,0
5d482ea721c9be351f762d36,179,ind in groups,0,1
5d482ea821c9be351f763333,179,ind in groups,0,1
5ea85cce7d50722703c4d14e,179,ind in groups,0,1
,179,group,1,1
,179,nominal,0,1
5d482ea721c9be351f762c4c,179,individual,0,0
5d482eaa21c9be351f763c11,179,individual,0,0
5d482eab21c9be351f76403b,179,individual,0,1
5ea1c1c0de5d74641b6708c2,179,individual,0,0
5ea723c23ecdad55471ffbac,179,individual,0,1
5ea854c27d50722703c4cc0c,179,individual,0,1
5d482ea721c9be351f762c4c,179,ind in groups,1,1
5d482eaa21c9be351f763c11,179,ind in groups,1,1
5d482eab21c9be351f76403b,179,ind in groups,1,0
5ea1c1c0de5d74641b6708c2,179,ind in groups,1,1
5ea723c23ecdad55471ffbac,179,ind in groups,1,1
5ea854c27d50722703c4cc0c,179,ind in groups,1,0
,179,group,0,0
,179,nominal,1,0
5d482ea821c9be351f763107,179,individual,1,1
5ea761acfd339b022f9cebca,179,individual,1,1
5ea854c27d50722703c4cc0d,179,individual,1,1
5ea761acfd339b022f9cebca,179,ind in groups,0,0
5ea855b27d50722703c4cc50,179,ind in groups,0,0
,179,group,0,1
,179,nominal,1,0
5d482ea821c9be351f763420,179,individual,1,1
5d482eab21c9be351f763fcb,179,individual,1,1
5ea6fa96002f966295b2007d,179,individual,1,0
5ea72d543ecdad5547200d0e,179,individual,1,1
5ea734163ecdad5547202554,179,individual,1,0
5ea7a36021028d2296a4d669,179,individual,1,0
5d482ea821c9be351f763420,179,ind in groups,0,1
5d482eab21c9be351f763fcb,179,ind in groups,0,0
5ea6fa96002f966295b2007d,179,ind in groups,0,1
5ea72d543ecdad5547200d0e,179,ind in groups,0,1
5ea734163ecdad5547202554,179,ind in groups,0,1
5ea7a36021028d2296a4d669,179,ind in groups,0,1
,179,group,1,0
,179,nominal,0,1
5d482ea721c9be351f763016,179,individual,0,0
5d482eaa21c9be351f763987,179,individual,0,0
5ea7893e21028d2296a48cbe,179,individual,0,1
5ea872727d50722703c521d8,179,individual,0,0
5d482ea721c9be351f763016,179,ind in groups,1,0
5d482eaa21c9be351f763987,179,ind in groups,1,0
5ea7893e21028d2296a48cbe,179,ind in groups,1,1
5ea872727d50722703c521d8,179,ind in groups,1,0
5ea884567d50722703c53c2a,179,ind in groups,1,1
,179,group,1,1
,179,nominal,0,1
5d482ea721c9be351f762c0a,179,individual,0,0
5d482ea721c9be351f762e4f,179,individual,0,1
5d482eab21c9be351f763f30,179,individual,0,0
5d482ea521c9be351f762430,179,ind in groups,1,1
5d482ea721c9be351f762c0a,179,ind in groups,1,0
5d482ea721c9be351f762e4f,179,ind in groups,1,1
5d482eaa21c9be351f763b94,179,ind in groups,1,1
5d482eab21c9be351f763f30,179,ind in groups,1,1
,179,group,0,1
,179,nominal,1,1
5d482ea321c9be351f762150,179,individual,1,0
5d482ea421c9be351f7621f0,179,individual,1,1
5d482ea421c9be351f7622e3,179,individual,1,1
5d482ea621c9be351f762bba,179,individual,1,1
5d482ea321c9be351f762150,179,ind in groups,0,0
5d482ea421c9be351f7621f0,179,ind in groups,0,0
5d482ea421c9be351f7622e2,179,ind in groups,0,1
5d482ea421c9be351f7622e3,179,ind in groups,0,1
5d482ea621c9be351f762bba,179,ind in groups,0,1
,179,group,0,0
,179,nominal,1,0
5d482ea321c9be351f762055,179,individual,1,0
5d482ea321c9be351f7620a0,179,individual,1,1
5d482ea421c9be351f762297,179,individual,1,1
5d482ea321c9be351f762055,179,ind in groups,0,0
5d482ea321c9be351f7620a0,179,ind in groups,0,1
5d482ea421c9be351f762297,179,ind in groups,0,0
5d482eab21c9be351f763f08,179,ind in groups,0,0
,179,group,0,0
,179,nominal,1,0
5d482ea221c9be351f761f3c,179,individual,1,1
5d482ea321c9be351f761f92,179,individual,1,0
5d482ea321c9be351f7620b3,179,individual,1,1
5d482ea221c9be351f761f3c,179,ind in groups,0,0
5d482ea321c9be351f7620b3,179,ind in groups,0,0
,179,group,1,1
,179,nominal,0,1
5d482ea321c9be351f762063,179,individual,0,0
5d482ea321c9be351f7620dc,179,individual,0,1
5d482ea221c9be351f761f24,179,ind in groups,1,1
5d482ea321c9be351f762063,179,ind in groups,1,1
5d482ea321c9be351f7620dc,179,ind in groups,1,0
5ea8b7c87d50722703c5605d,179,ind in groups,1,0
,179,group,1,1
,179,nominal,0,1
5d482ea221c9be351f761f7d,179,individual,0,1
5d482ea221c9be351f761ec9,179,ind in groups,1,1
5d482ea221c9be351f761f7d,179,ind in groups,1,1
5d482ea321c9be351f76216f,179,ind in groups,1,1
,179,group,1,1
,179,nominal,0,1
5d482ea221c9be351f761e9a,179,individual,0,1
5d482ea321c9be351f761fd3,179,individual,0,1
5d482ea321c9be351f762128,179,individual,0,1
5d482ea221c9be351f761e9a,179,ind in groups,1,1
5d482ea321c9be351f761fd3,179,ind in groups,1,0
5d482ea321c9be351f762128,179,ind in groups,1,0
,179,group,1,1
,179,nominal,0,1
5d482ea421c9be351f7623b9,179,individual,0,0
5d482ea521c9be351f762488,179,individual,0,1
5d482ea521c9be351f7626dd,179,individual,0,0
5d482ea621c9be351f7629f3,179,individual,0,1
5d482ea821c9be351f7631bf,179,individual,0,0
5d482ea421c9be351f7623b9,179,ind in groups,1,1
5d482ea621c9be351f7629f3,179,ind in groups,1,0
5d482ea821c9be351f7631bf,179,ind in groups,1,0
,179,group,0,1
,179,nominal,1,0
5d482ea521c9be351f762444,179,individual,1,0
5d482ea621c9be351f762936,179,individual,1,0
5d482ea721c9be351f762f5e,179,individual,1,0
5d482ea521c9be351f762444,179,ind in groups,0,1
5d482ea521c9be351f7624a8,179,ind in groups,0,1
5d482ea621c9be351f762936,179,ind in groups,0,1
5d482ea721c9be351f762f5e,179,ind in groups,0,1
5d482ea721c9be351f763067,179,ind in groups,0,1
,179,group,1,0
,179,nominal,0,0
5ea0c63a9dc0406f89889495,179,individual,0,1
5ea9a7aaa68ffa2bcbe11875,179,individual,0,1
5ea9a7c8a68ffa2bcbe11876,179,individual,0,0
5ea0c63a9dc0406f89889495,179,ind in groups,1,1
5ea9a7aaa68ffa2bcbe11875,179,ind in groups,1,0
5ea9a7c8a68ffa2bcbe11876,179,ind in groups,1,1
,179,group,1,1
,179,nominal,0,0
5d482eaa21c9be351f763937,179,individual,0,1
5ea8c98e7d50722703c58e0e,179,individual,0,0
5d482ea821c9be351f763379,179,ind in groups,1,0
5d482eaa21c9be351f763937,179,ind in groups,1,1
5d482eab21c9be351f764140,179,ind in groups,1,1
5ea8c98e7d50722703c58e0e,179,ind in groups,1,1
5ea9a890a68ffa2bcbe1187c,179,ind in groups,1,1
,179,group,1,0
,179,nominal,0,1
5d482ea621c9be351f76286e,179,individual,0,0
5d482ea721c9be351f762e26,179,individual,0,1
5eab5e9cd5ea945196f999fa,179,individual,0,1
5eab7490d5ea945196f9cac7,179,individual,0,0
5d482ea621c9be351f76286e,179,ind in groups,1,1
5d482ea721c9be351f762e26,179,ind in groups,1,0
5eab5e9cd5ea945196f999fa,179,ind in groups,1,0
5eab7454d5ea945196f9c9ef,179,ind in groups,1,1
5eab7490d5ea945196f9cac7,179,ind in groups,1,0
,179,group,0,0
,179,nominal,1,1
5d482ea321c9be351f762027,179,individual,1,1
5eab6e5ad5ea945196f9b094,179,individual,1,0
5eab726ad5ea945196f9c0ed,179,individual,1,0
5d482ea321c9be351f762027,179,ind in groups,0,0
5d482ea821c9be351f7630ba,179,ind in groups,0,0
5eab6e5ad5ea945196f9b094,179,ind in groups,0,0
5eab726ad5ea945196f9c0ed,179,ind in groups,0,0
,179,group,0,0
,179,nominal,1,1
5d482ea321c9be351f76201f,179,individual,1,1
5d482ea621c9be351f762b0a,179,individual,1,0
5d482ea721c9be351f762eb1,179,individual,1,1
5d482ea921c9be351f763740,179,individual,1,1
5d482ea321c9be351f76201f,179,ind in groups,0,0
,179,group,0,1
,179,nominal,1,1
5d482ea121c9be351f761c52,179,individual,1,1
5d482ea221c9be351f761ebd,179,individual,1,0
5d0ceb322c04075bfb121198,179,ind in groups,0,0
5d482ea121c9be351f761c52,179,ind in groups,0,1
5d482ea221c9be351f761ebd,179,ind in groups,0,1
5d482ea721c9be351f762dd5,179,ind in groups,0,1
,179,group,0,1
,179,nominal,1,0
5d482ea121c9be351f761c46,179,individual,1,0
5d482ea121c9be351f761d74,179,individual,1,1
5d482ea121c9be351f761d83,179,individual,1,0
5d482ea121c9be351f761d40,179,individual,1,0
5d482ea521c9be351f7624c5,179,individual,1,1
5d482ea121c9be351f761c46,179,ind in groups,0,1
,179,group,0,1
,179,nominal,1,0
5d482ea621c9be351f762b52,179,individual,1,1
5d482ea621c9be351f762b74,179,individual,1,1
5d482eab21c9be351f764109,179,individual,1,0
5d482ea621c9be351f762b52,179,ind in groups,0,1
5d482ea621c9be351f762b74,179,ind in groups,0,1
5d482ea821c9be351f763561,179,ind in groups,0,0
5d482eab21c9be351f764109,179,ind in groups,0,1
,179,group,1,1
,179,nominal,0,0
5d482ea521c9be351f7626b8,179,individual,0,1
5ea9d2fca68ffa2bcbe13a4e,179,individual,0,1
5d482ea621c9be351f762940,179,ind in groups,1,1
5d482ea721c9be351f763043,179,ind in groups,1,1
5d482ea921c9be351f7636b2,179,ind in groups,1,1
5ea9d2fca68ffa2bcbe13a4e,179,ind in groups,1,1
,179,group,0,1
,179,nominal,1,1
5ea885dc7d50722703c53e04,179,individual,1,1
5eab5f96d5ea945196f99a08,179,individual,1,0
5d482ea521c9be351f7625f2,179,ind in groups,0,1
5d482ea721c9be351f762cc9,179,ind in groups,0,1
5d482ea821c9be351f763391,179,ind in groups,0,1
5ea885dc7d50722703c53e04,179,ind in groups,0,0
5eab5f96d5ea945196f99a08,179,ind in groups,0,1
,179,group,1,0
,179,nominal,0,0
5d0cec862c04075bfb1211a7,179,individual,0,1
5d482ea121c9be351f761c31,179,individual,0,0
5d0cec862c04075bfb1211a7,179,ind in groups,1,1
5d482ea121c9be351f761c31,179,ind in groups,1,1
5d482ea421c9be351f76221a,179,ind in groups,1,1
5eab48dad5ea945196f9688a,179,ind in groups,1,0
,179,group,0,1
,179,nominal,1,1
5d40909011e92e314fcdae58,179,individual,1,1
5d482ea121c9be351f761bee,179,individual,1,0
5d482ea121c9be351f761bf0,179,individual,1,1
5d482ea421c9be351f762202,179,individual,1,0
5d482ea721c9be351f762c35,179,individual,1,1
5d40909011e92e314fcdae58,179,ind in groups,0,1
5d482ea121c9be351f761bee,179,ind in groups,0,1
5d482ea121c9be351f761bf0,179,ind in groups,0,1
5d482ea421c9be351f762202,179,ind in groups,0,1
5d482ea721c9be351f762c35,179,ind in groups,0,1
,179,group,0,0
,179,nominal,1,1
5d43364cce0995585f1a5cbd,179,individual,1,1
5d482ea421c9be351f762296,179,individual,1,1
5eaa6370d5ea945196f95250,179,individual,1,0
,179,group,0,0
,179,nominal,1,0
5d482ea321c9be351f76213d,179,individual,1,0
5d482ea421c9be351f7621a1,179,individual,1,0
5d482ea521c9be351f7624ec,179,individual,1,1
5d482ea321c9be351f76213d,179,ind in groups,0,1
5d482ea421c9be351f7621a1,179,ind in groups,0,1
5d482ea421c9be351f76227f,179,ind in groups,0,0
5d482ea521c9be351f7624ec,179,ind in groups,0,0
5d482ea621c9be351f76278a,179,ind in groups,0,1
,179,group,0,1
,179,nominal,1,1
5d482ea221c9be351f761de7,179,individual,1,1
5d482ea221c9be351f761e09,179,individual,1,1
5d482ea221c9be351f761f32,179,individual,1,0
5d482ea421c9be351f7622df,179,individual,1,1
5d482ea221c9be351f761de7,179,ind in groups,0,1
5d482ea221c9be351f761e09,179,ind in groups,0,1
5d482ea221c9be351f761f32,179,ind in groups,0,1
5d482ea421c9be351f7622df,179,ind in groups,0,0
5d482ea621c9be351f7629de,179,ind in groups,0,1
,179,group,1,1
,179,nominal,0,0
5d482ea121c9be351f761c6c,179,individual,0,1
5d482ea221c9be351f761ea0,179,individual,0,0
5d482ea121c9be351f761c6c,179,ind in groups,1,1
5d482ea221c9be351f761ea0,179,ind in groups,1,1
5d482ea321c9be351f76212b,179,ind in groups,1,0
,179,group,0,0
,179,nominal,1,1
5d482ea221c9be351f761e64,179,individual,1,1
5d482ea921c9be351f7636a3,179,individual,1,1
5d482ea221c9be351f761e64,179,ind in groups,0,0
5d482ea921c9be351f7636a3,179,ind in groups,0,0
5eac671ad5ea945196fa0d03,179,ind in groups,0,0
,179,group,0,0
,179,nominal,1,0
5eac6756d5ea945196fa0d30,179,individual,1,0
5eac67a6d5ea945196fa0d67,179,individual,1,0
5eac6c10d5ea945196fa169d,179,individual,1,0
5d1a795a2d54e95acef0ea74,179,ind in groups,0,0
5eac6c10d5ea945196fa169d,179,ind in groups,0,0
,179,group,0,1
,179,nominal,1,0
5d482eaa21c9be351f763d1b,179,individual,1,0
5d482eab21c9be351f763fda,179,individual,1,0
5d482eab21c9be351f764120,179,individual,1,1
5eac58b0d5ea945196fa0707,179,individual,1,0
5eac6f58d5ea945196fa21c6,179,individual,1,1
5eac6f76d5ea945196fa21d7,179,individual,1,0
5d482eab21c9be351f763fda,179,ind in groups,0,0
5d482eab21c9be351f764120,179,ind in groups,0,0
5eac58b0d5ea945196fa0707,179,ind in groups,0,1
5eac6f58d5ea945196fa21c6,179,ind in groups,0,1
5eac6f76d5ea945196fa21d7,179,ind in groups,0,1
,179,group,1,1
,179,nominal,0,0
5d482ea621c9be351f7629ca,179,individual,0,1
5d482ea621c9be351f762b0e,179,individual,0,1
5d482eab21c9be351f763e5e,179,individual,0,0
5ea733583ecdad55472022d2,179,individual,0,0
5eac59bed5ea945196fa0710,179,individual,0,1
5d482ea621c9be351f762b0e,179,ind in groups,1,1
5d482eab21c9be351f763e5e,179,ind in groups,1,1
5eab7fb2d5ea945196f9ec55,179,ind in groups,1,1
5eac59bed5ea945196fa0710,179,ind in groups,1,1
5eac5dced5ea945196fa0742,179,ind in groups,1,1
,179,group,0,1
,179,nominal,1,1
5eaa5c04d5ea945196f9522f,179,individual,1,0
5eacae50d5ea945196fa6603,179,individual,1,1
5eacbd5ad5ea945196fa7424,179,individual,1,1
5eaa5c04d5ea945196f9522f,179,ind in groups,0,0
5eacae50d5ea945196fa6603,179,ind in groups,0,0
5eacbd5ad5ea945196fa7424,179,ind in groups,0,1
,179,group,1,1
,179,nominal,0,0
5eac6a08d5ea945196fa1225,179,individual,0,1
5eacaf5ed5ea945196fa6656,179,individual,0,1
5d482ea121c9be351f761bfa,179,ind in groups,1,1
5eac6a08d5ea945196fa1225,179,ind in groups,1,1
5eacaaa4d5ea945196fa63f3,179,ind in groups,1,1
5eacaf5ed5ea945196fa6656,179,ind in groups,1,1
,179,group,1,1
,179,nominal,0,1
5eaca02cd5ea945196fa6060,179,individual,0,1
5eacaa9ad5ea945196fa63ef,179,individual,0,1
5eaca02cd5ea945196fa6060,179,ind in groups,1,1
5eacaa9ad5ea945196fa63ef,179,ind in groups,1,0
,179,group,0,0
,179,nominal,1,0
5d482ea521c9be351f7624ab,179,individual,1,0
5eac6d78d5ea945196fa1b2a,179,individual,1,0
5d482ea521c9be351f7624ab,179,ind in groups,0,1
5eac6a76d5ea945196fa12a6,179,ind in groups,0,0
,179,group,1,1
,179,nominal,0,1
5d482ea221c9be351f761dd3,179,individual,0,1
5d482ea421c9be351f76230b,179,individual,0,0
5d482ea621c9be351f762856,179,individual,0,1
5d482ea421c9be351f76230b,179,ind in groups,1,1
5d482ea621c9be351f762856,179,ind in groups,1,1
,179,group,0,1
,179,nominal,1,1
5d482ea221c9be351f761e77,179,individual,1,1
5d482ea721c9be351f762ede,179,individual,1,1
5ead904ad5ea945196fa9750,179,individual,1,1
5d482ea221c9be351f761e77,179,ind in groups,0,0
5d482ea721c9be351f762ede,179,ind in groups,0,1
5d482eab21c9be351f763ddf,179,ind in groups,0,1
5eacc390d5ea945196fa7bed,179,ind in groups,0,1
5ead904ad5ea945196fa9750,179,ind in groups,0,1
,179,group,1,1
,179,nominal,0,0
5d482ea521c9be351f7625b2,179,individual,0,1
5ead905ed5ea945196fa9751,179,individual,0,0
5d482ea521c9be351f7625b2,179,ind in groups,1,1
5ead905ed5ea945196fa9751,179,ind in groups,1,1
,179,group,0,1
,179,nominal,1,0
5d482ea121c9be351f761c53,179,individual,1,1
5d482ea521c9be351f7623cd,179,individual,1,1
5eadd582d5ea945196fab7fc,179,individual,1,1
5d482ea121c9be351f761c53,179,ind in groups,0,1
5d482ea521c9be351f7623cd,179,ind in groups,0,1
5eadc90cd5ea945196fab1b7,179,ind in groups,0,0
5eadd00ad5ea945196fab489,179,ind in groups,0,1
5eadd582d5ea945196fab7fc,179,ind in groups,0,1
,179,group,1,1
,179,nominal,0,1
5d482ea621c9be351f762a4c,179,individual,0,1
5d482ea921c9be351f763591,179,individual,0,1
5d482eab21c9be351f7641d2,179,individual,0,1
5eac7804d5ea945196fa417a,179,individual,0,1
5ead9428d5ea945196fa97c1,179,individual,0,0
5d482ea221c9be351f761dbc,179,ind in groups,1,0
5d482ea321c9be351f762181,179,ind in groups,1,1
5d482ea621c9be351f762a4c,179,ind in groups,1,1
5d482ea721c9be351f762fff,179,ind in groups,1,1
5d482ea821c9be351f763340,179,ind in groups,1,1
5d482ea921c9be351f763591,179,ind in groups,1,0
5d482eab21c9be351f7641d2,179,ind in groups,1,1
5ead9428d5ea945196fa97c1,179,ind in groups,1,1
,179,group,0,1
,179,nominal,1,0
5d482ea421c9be351f7622ab,179,individual,1,1
5eadbdf4d5ea945196faafa2,179,individual,1,1
5eadbe76d5ea945196faafa8,179,individual,1,1
5eadf59ed5ea945196fac6b1,179,individual,1,1
5eadf620d5ea945196fac6b5,179,individual,1,0
5d482ea421c9be351f7622ab,179,ind in groups,0,1
5d482ea421c9be351f762335,179,ind in groups,0,1
5eadbdf4d5ea945196faafa2,179,ind in groups,0,0
5eadbe76d5ea945196faafa8,179,ind in groups,0,0
5eade6c6d5ea945196fac47d,179,ind in groups,0,1
5eadf59ed5ea945196fac6b1,179,ind in groups,0,1
5eadf620d5ea945196fac6b5,179,ind in groups,0,0
,179,group,1,0
,179,nominal,0,0
5eab40f6d5ea945196f9629b,179,individual,0,0
5ead8f82d5ea945196fa9747,179,individual,0,1
5eadc8b2d5ea945196fab1af,179,individual,0,1
5eab40f6d5ea945196f9629b,179,ind in groups,1,0
5eae1466d5ea945196fad7a2,179,ind in groups,1,1
,179,group,1,1
,179,nominal,0,1
5ee122b6896280243c134057,179,individual,0,1
5f1322522ce49169326082c9,179,individual,0,0
5f1322982ce49169326082d4,179,individual,0,1
5f1322b62ce49169326082d8,179,individual,0,0
5f1322ca2ce49169326082d9,179,individual,0,1
5f1323102ce49169326082e3,179,individual,0,0
5f13236a2ce49169326082ef,179,individual,0,1
5f13237e2ce49169326082f7,179,individual,0,1
5f1322522ce49169326082c9,179,ind in groups,1,1
5f1322982ce49169326082d4,179,ind in groups,1,1
5f1323102ce49169326082e3,179,ind in groups,1,1
5f13236a2ce49169326082ef,179,ind in groups,1,1
5f13237e2ce49169326082f7,179,ind in groups,1,1
5f1323b02ce4916932608302,179,ind in groups,1,1
,179,group,1,0
,179,nominal,0,0
5f1323422ce49169326082e9,179,individual,0,0
5f18be8846a7f03dda99caca,179,individual,0,1
5d482ea821c9be351f763252,179,ind in groups,1,1
5f1323422ce49169326082e9,179,ind in groups,1,1
5f18be8846a7f03dda99caca,179,ind in groups,1,0
5f18c10846a7f03dda99cf42,179,ind in groups,1,0
5f18c72a46a7f03dda99dd17,179,ind in groups,1,1
5f18c93c46a7f03dda99e34f,179,ind in groups,1,0
,179,group,1,1
,179,nominal,0,0
5d482eaa21c9be351f763b92,179,individual,0,1
5e9f3c169dc0406f89877a12,179,individual,0,1
5f18c1e446a7f03dda99d07c,179,individual,0,0
5d482eaa21c9be351f763b92,179,ind in groups,1,1
5e9f3c169dc0406f89877a12,179,ind in groups,1,1
5f18bece46a7f03dda99cad8,179,ind in groups,1,0
,179,group,1,0
,179,nominal,0,0
5d482ea821c9be351f763428,179,individual,0,0
5d482ea921c9be351f7635df,179,individual,0,0
5f18bbe046a7f03dda99c932,179,individual,0,0
5d482ea821c9be351f763428,179,ind in groups,1,0
5d482ea821c9be351f7634ee,179,ind in groups,1,0
5d482ea921c9be351f7635df,179,ind in groups,1,0
5f18ba6446a7f03dda99c923,179,ind in groups,1,0
5f18bbe046a7f03dda99c932,179,ind in groups,1,0
,179,group,0,1
,179,nominal,1,1
5d482eab21c9be351f763e0c,179,individual,1,0
5f18b86646a7f03dda99c8ba,179,individual,1,1
5f18ba4646a7f03dda99c8d4,179,individual,1,1
5f18bc0846a7f03dda99c935,179,individual,1,1
5f18bce446a7f03dda99c96a,179,individual,1,1
5f18be3846a7f03dda99ca57,179,individual,1,0
5ee16ad2896280243c13835a,179,ind in groups,0,1
5f18bce446a7f03dda99c96a,179,ind in groups,0,1
,179,group,1,1
,179,nominal,0,1
5d482eaa21c9be351f763934,179,individual,0,1
5d482eab21c9be351f763ed6,179,individual,0,1
5f18ba6446a7f03dda99c925,179,individual,0,0
5f18bbea46a7f03dda99c933,179,individual,0,1
5f18bc3a46a7f03dda99c94b,179,individual,0,0
5f18bc7646a7f03dda99c960,179,individual,0,1
5ee16cf8896280243c138460,179,ind in groups,1,1
5f18ba6446a7f03dda99c925,179,ind in groups,1,1
5f18bbea46a7f03dda99c933,179,ind in groups,1,1
5f18bc7646a7f03dda99c960,179,ind in groups,1,1
,179,group,0,1
,179,nominal,1,0
5d482eaa21c9be351f763900,179,individual,1,1
5d482eaa21c9be351f763a7a,179,individual,1,0
5d482eab21c9be351f764033,179,individual,1,1
5f1323102ce49169326082e2,179,individual,1,1
5d482eab21c9be351f764033,179,ind in groups,0,1
,179,group,0,0
,179,nominal,1,0
5d482eaa21c9be351f763dab,179,individual,1,1
5ee14958896280243c135bcb,179,individual,1,1
5f18b78a46a7f03dda99c86c,179,individual,1,1
5d482eab21c9be351f763f17,179,ind in groups,0,0
5ee14958896280243c135bcb,179,ind in groups,0,0
5f18b78a46a7f03dda99c86c,179,ind in groups,0,0
,179,group,1,1
,179,nominal,0,0
5d482eab21c9be351f763f96,179,ind in groups,1,0
5f197dbe46a7f03dda9a0be0,179,ind in groups,1,1
5f19803e46a7f03dda9a0c0a,179,ind in groups,1,1
5f19811046a7f03dda9a0c13,179,ind in groups,1,1
,179,group,1,1
,179,nominal,0,1
5ea8745c7d50722703c528b9,179,individual,0,1
5f13239c2ce49169326082fd,179,individual,0,1
5ea8745c7d50722703c528b9,179,ind in groups,1,1
5f13239c2ce49169326082fd,179,ind in groups,1,1
5f18c35646a7f03dda99d40d,179,ind in groups,1,0
5f18cc4846a7f03dda99ed0a,179,ind in groups,1,1
,179,group,1,1
,179,nominal,0,0
5e7e4efc31f4e454e196c986,179,individual,0,1
5f19804846a7f03dda9a0c0c,179,individual,0,1
5e7e4efc31f4e454e196c986,179,ind in groups,1,1
5f19804846a7f03dda9a0c0c,179,ind in groups,1,1
5f19814c46a7f03dda9a0c18,179,ind in groups,1,1
,179,group,0,0
,179,nominal,1,1
5d482ea821c9be351f7632c5,179,individual,1,1
5d482ea821c9be351f7632c5,179,ind in groups,0,0
,179,group,0,0
,179,nominal,1,0
5d482ea721c9be351f762d3e,179,individual,1,1
5f19a71c46a7f03dda9a257c,179,individual,1,0
5f19ad2a46a7f03dda9a29f5,179,individual,1,0
5f19af0046a7f03dda9a2ca5,179,individual,1,1
5d482ea721c9be351f762d3e,179,ind in groups,0,0
5f19a71c46a7f03dda9a257c,179,ind in groups,0,1
5f19af0046a7f03dda9a2ca5,179,ind in groups,0,0
,179,group,1,1
,179,nominal,0,1
5f1986ec46a7f03dda9a0f75,179,individual,0,1
5f19a7b246a7f03dda9a2595,179,individual,0,1
5d482ea821c9be351f7632a5,179,ind in groups,1,1
5f18bcf846a7f03dda99c96e,179,ind in groups,1,1
5f1986ec46a7f03dda9a0f75,179,ind in groups,1,1
5f19a7b246a7f03dda9a2595,179,ind in groups,1,1
,179,group,1,0
,179,nominal,0,0
5f19a7bc46a7f03dda9a2596,179,individual,0,0
5f19a80246a7f03dda9a25e9,179,individual,0,0
5f19a83446a7f03dda9a25ee,179,individual,0,0
5f19a8ac46a7f03dda9a26c5,179,individual,0,1
5f19a8ac46a7f03dda9a26c6,179,individual,0,1
5f19a7bc46a7f03dda9a2596,179,ind in groups,1,1
5f19a83446a7f03dda9a25ee,179,ind in groups,1,1
5f19a8ac46a7f03dda9a26c6,179,ind in groups,1,1
,179,group,0,0
,179,nominal,1,1
5f19843046a7f03dda9a0d50,179,individual,1,1
5f19843046a7f03dda9a0d50,179,ind in groups,0,0
,179,group,1,0
,179,nominal,0,0
5eaf2e6ed5ea945196fadf80,179,individual,0,0
5ebca97278f5b8169eccbc44,179,individual,0,1
5f18b81646a7f03dda99c875,179,individual,0,0
5f18c9a046a7f03dda99e50c,179,individual,0,0
5f18b81646a7f03dda99c875,179,ind in groups,1,0
5f18c9a046a7f03dda99e50c,179,ind in groups,1,1
,179,group,1,1
,179,nominal,0,0
5d482ea721c9be351f762c9f,179,individual,0,0
5eaca6e4d5ea945196fa62b0,179,individual,0,1
5f18c48246a7f03dda99d597,179,individual,0,1
5f1a1c4246a7f03dda9a657f,179,individual,0,0
5f18c48246a7f03dda99d597,179,ind in groups,1,1
5f1a1c4246a7f03dda9a657f,179,ind in groups,1,1
,179,group,0,0
,179,nominal,1,1
5d482ea621c9be351f7628b6,179,individual,1,1
5d482eaa21c9be351f763aa3,179,individual,1,1
5f1a1bca46a7f03dda9a6561,179,individual,1,1
5f1a1fa846a7f03dda9a68c5,179,individual,1,1
5d482eaa21c9be351f763aa3,179,ind in groups,0,0
5ee12306896280243c13405e,179,ind in groups,0,0
,179,group,1,1
,179,nominal,0,1
5d482ea621c9be351f762ba6,179,individual,0,0
5f1a1d5046a7f03dda9a66d5,179,individual,0,1
5d482ea621c9be351f762ba6,179,ind in groups,1,1
5d482ea621c9be351f762b78,179,ind in groups,1,1
5f18c1b246a7f03dda99d022,179,ind in groups,1,1
5f1a1d5046a7f03dda9a66d5,179,ind in groups,1,1
,179,group,1,0
,179,nominal,0,1
5d482ea721c9be351f762c60,179,individual,0,1
5d482ea721c9be351f762f15,179,individual,0,1
5d482eaa21c9be351f763db4,179,individual,0,0
5d482ea721c9be351f762c60,179,ind in groups,1,1
5d482ea721c9be351f762f15,179,ind in groups,1,1
5d482eaa21c9be351f763db4,179,ind in groups,1,1
5d482eab21c9be351f764144,179,ind in groups,1,0
5f19b2d446a7f03dda9a3497,179,ind in groups,1,1
,179,group,1,1
,179,nominal,0,0
5d482ea821c9be351f7631f8,179,individual,0,0
5d482eab21c9be351f763ef9,179,individual,0,0
5d482eab21c9be351f7640fa,179,individual,0,1
5d482eab21c9be351f76424b,179,individual,0,0
5f13228e2ce49169326082d0,179,individual,0,0
5f13234c2ce49169326082eb,179,individual,0,1
5f1a192246a7f03dda9a6305,179,individual,0,0
5f1a1a9e46a7f03dda9a6500,179,individual,0,0
5d482eab21c9be351f763ef9,179,ind in groups,1,1
5d482eab21c9be351f7640fa,179,ind in groups,1,1
5d482eab21c9be351f76424b,179,ind in groups,1,1
5f1a1a9e46a7f03dda9a6500,179,ind in groups,1,1
,179,group,1,1
,179,nominal,0,0
5f18bbea46a7f03dda99c934,179,individual,0,1
5f18c56846a7f03dda99d7ab,179,individual,0,0
5f18cc2046a7f03dda99ece2,179,individual,0,1
5f19ac6246a7f03dda9a27ef,179,individual,0,1
5f18bbea46a7f03dda99c934,179,ind in groups,1,1
5f18cc2046a7f03dda99ece2,179,ind in groups,1,1
,179,group,1,1
,179,nominal,0,0
5d482ea921c9be351f763633,179,individual,0,1
5eaf2a68d5ea945196fadf4c,179,individual,0,1
5ee16aa0896280243c13831f,179,individual,0,0
5f18b85246a7f03dda99c87a,179,individual,0,0
5f18c16246a7f03dda99cf9d,179,individual,0,0
5f18c62646a7f03dda99d97b,179,individual,0,1
5f197d2846a7f03dda9a0b99,179,individual,0,0
5d482ea921c9be351f763633,179,ind in groups,1,1
5ee16aa0896280243c13831f,179,ind in groups,1,1
5f18b85246a7f03dda99c87a,179,ind in groups,1,1
5f18c16246a7f03dda99cf9d,179,ind in groups,1,1
5f18c62646a7f03dda99d97b,179,ind in groups,1,1
,179,group,1,1
,179,nominal,0,0
5f1adfc446a7f03dda9a9d49,179,individual,0,1
5d482ea721c9be351f762da1,179,ind in groups,1,0
5d482ea721c9be351f762e18,179,ind in groups,1,1
5f19a74446a7f03dda9a2587,179,ind in groups,1,1
5f1adfc446a7f03dda9a9d49,179,ind in groups,1,1
,179,group,1,0
,179,nominal,0,0
5d482ea821c9be351f7631de,179,individual,0,0
5f19b1da46a7f03dda9a327a,179,individual,0,0
5f1adee846a7f03dda9a9cec,179,individual,0,1
5f19b1da46a7f03dda9a327a,179,ind in groups,1,0
,179,group,0,1
,179,nominal,1,0
5ee25974896280243c13947a,179,individual,1,1
5ee25974896280243c13947a,179,ind in groups,0,1
5f19b02246a7f03dda9a2e6d,179,ind in groups,0,1
,179,group,0,1
,179,nominal,1,1
5d482ea321c9be351f762052,179,individual,1,1
5d482ea321c9be351f76211d,179,individual,1,1
5d482ea621c9be351f762a01,179,individual,1,1
5f19b62646a7f03dda9a3ddf,179,individual,1,1
5f1b54cc46a7f03dda9abf53,179,individual,1,1
5f1b5f4446a7f03dda9ad19a,179,individual,1,0
5d482ea321c9be351f762052,179,ind in groups,0,1
5d482ea321c9be351f76211d,179,ind in groups,0,1
5f1b54cc46a7f03dda9abf53,179,ind in groups,0,1
5f1b5f4446a7f03dda9ad19a,179,ind in groups,0,1
,179,group,1,1
,179,nominal,0,1
5d482ea321c9be351f76207e,179,individual,0,1
5d482ea421c9be351f762275,179,individual,0,1
5d482eaa21c9be351f763a5c,179,individual,0,1
5f1b5b3e46a7f03dda9ac993,179,individual,0,1
5d41e7a6ce0995585f1a5321,179,ind in groups,1,1
5d482ea321c9be351f76207e,179,ind in groups,1,1
5d482ea421c9be351f762275,179,ind in groups,1,1
5d482eaa21c9be351f763a5c,179,ind in groups,1,1
5f1b5b3e46a7f03dda9ac993,179,ind in groups,1,1
,179,group,1,1
,179,nominal,0,1
5d482ea721c9be351f763007,179,individual,0,0
5d482ea821c9be351f763453,179,individual,0,0
5d482ea321c9be351f76218e,179,ind in groups,1,1
5d482ea421c9be351f762253,179,ind in groups,1,1
5d482ea721c9be351f763007,179,ind in groups,1,1
5d482ea821c9be351f763453,179,ind in groups,1,1
5f1ae3ac46a7f03dda9a9e5f,179,ind in groups,1,1
,179,group,1,1
,179,nominal,0,0
5d482ea421c9be351f762208,179,individual,0,1
5d482ea521c9be351f762539,179,individual,0,1
5d482ea521c9be351f762729,179,individual,0,1
5f1a1a7646a7f03dda9a64ff,179,individual,0,0
5f1b504e46a7f03dda9abcfe,179,individual,0,0
5d482ea421c9be351f762208,179,ind in groups,1,1
5d482ea521c9be351f762729,179,ind in groups,1,1
5f1a1a7646a7f03dda9a64ff,179,ind in groups,1,1
5f1b504e46a7f03dda9abcfe,179,ind in groups,1,1
,179,group,1,0
,179,nominal,0,0
5d482ea621c9be351f762b3f,179,individual,0,0
5d482ea721c9be351f762df2,179,individual,0,0
5d482ea721c9be351f762df2,179,ind in groups,1,1
5d482ea721c9be351f762e5b,179,ind in groups,1,0
5f18c50e46a7f03dda99d6cd,179,ind in groups,1,0
5f1b4fcc46a7f03dda9abcf2,179,ind in groups,1,1
,179,group,1,1
,179,nominal,0,0
5e9f55029dc0406f8987ade7,179,individual,0,0
5ee14c82896280243c135d20,179,individual,0,1
5e9f55029dc0406f8987ade7,179,ind in groups,1,1
5eade9c8d5ea945196fac5e5,179,ind in groups,1,1
5ee14c82896280243c135d20,179,ind in groups,1,1
5f1a23ea46a7f03dda9a7034,179,ind in groups,1,1
,179,group,0,1
,179,nominal,1,0
5d482ea521c9be351f762622,179,individual,1,1
5d482ea821c9be351f763188,179,individual,1,0
5d482ea821c9be351f763264,179,individual,1,0
5d482eaa21c9be351f763922,179,individual,1,1
5f1ee8e446a7f03dda9af874,179,individual,1,1
5d482ea521c9be351f762622,179,ind in groups,0,1
5d482ea821c9be351f763188,179,ind in groups,0,1
5d482eaa21c9be351f763922,179,ind in groups,0,0
,179,group,0,1
,179,nominal,1,1
5d482ea521c9be351f762629,179,individual,1,0
5d482ea921c9be351f7635f1,179,individual,1,1
5f1ee74046a7f03dda9af6c7,179,individual,1,1
5d482ea521c9be351f762440,179,ind in groups,0,1
5d482ea521c9be351f762629,179,ind in groups,0,1
5d482ea921c9be351f7635f1,179,ind in groups,0,0
5f1ee74046a7f03dda9af6c7,179,ind in groups,0,1
,179,group,1,1
,179,nominal,0,0
5d482eab21c9be351f76419a,179,individual,0,0
5f1ee26846a7f03dda9af1ef,179,individual,0,0
5f1ee5ec46a7f03dda9af573,179,individual,0,1
5d482eab21c9be351f76419a,179,ind in groups,1,1
5f1ee26846a7f03dda9af1ef,179,ind in groups,1,1
5f1ee41646a7f03dda9af25e,179,ind in groups,1,1
5f1ee5ec46a7f03dda9af573,179,ind in groups,1,1
,179,group,0,0
,179,nominal,1,1
5d482ea621c9be351f7629ff,179,individual,1,0
5d482ea621c9be351f762a61,179,individual,1,1
5d482eaa21c9be351f763c35,179,individual,1,1
5f1b61b046a7f03dda9ad590,179,individual,1,1
5f1edf2046a7f03dda9aef70,179,individual,1,0
5d482ea621c9be351f7629ff,179,ind in groups,0,0
5d482ea621c9be351f762a61,179,ind in groups,0,0
5f1b61b046a7f03dda9ad590,179,ind in groups,0,1
,179,group,1,1
,179,nominal,0,1
5d482ea721c9be351f763040,179,individual,0,0
5f1edf2046a7f03dda9aef71,179,individual,0,0
5f1ee07446a7f03dda9aef96,179,individual,0,1
5f1ee2ea46a7f03dda9af1fc,179,individual,0,1
5d482ea721c9be351f763040,179,ind in groups,1,1
5f1edf2046a7f03dda9aef71,179,ind in groups,1,0
5f1ee2ea46a7f03dda9af1fc,179,ind in groups,1,1
,179,group,0,0
,179,nominal,1,1
5d482ea921c9be351f7636c7,179,individual,1,0
5eaf0dc6d5ea945196fadc0a,179,individual,1,1
5f1add7646a7f03dda9a9ca6,179,individual,1,1
5eaf0dc6d5ea945196fadc0a,179,ind in groups,0,0
5f1add7646a7f03dda9a9ca6,179,ind in groups,0,0
5f1edf3e46a7f03dda9aef76,179,ind in groups,0,0
5f1ee0ec46a7f03dda9aeff0,179,ind in groups,0,1
,179,group,1,1
,179,nominal,0,0
5d482ea921c9be351f7635ce,179,individual,0,0
5d482ea921c9be351f763771,179,individual,0,1
5ee16c44896280243c1383f5,179,individual,0,1
5ee25924896280243c139471,179,individual,0,1
5f19acb246a7f03dda9a29a9,179,individual,0,0
5f1ee01046a7f03dda9aef8b,179,individual,0,1
5d482ea921c9be351f7635ce,179,ind in groups,1,1
5d482ea921c9be351f763771,179,ind in groups,1,1
5ee16c44896280243c1383f5,179,ind in groups,1,0
5ee25924896280243c139471,179,ind in groups,1,1
5f19acb246a7f03dda9a29a9,179,ind in groups,1,1
5f1ee01046a7f03dda9aef8b,179,ind in groups,1,0
,179,group,1,1
,179,nominal,0,0
5d1249922d54e95acef0bc13,179,individual,0,0
5d482ea621c9be351f762995,179,individual,0,1
5d482ea721c9be351f762e3b,179,individual,0,1
5f1f4a7846a7f03dda9b3f62,179,individual,0,0
5f1f4a9646a7f03dda9b3fb5,179,individual,0,0
5f1f4c3a46a7f03dda9b4348,179,individual,0,0
5f1f4de846a7f03dda9b4883,179,individual,0,0
5d1249922d54e95acef0bc13,179,ind in groups,1,1
5f1f4a7846a7f03dda9b3f62,179,ind in groups,1,1
5f1f4a9646a7f03dda9b3fb5,179,ind in groups,1,0
5f1f4c3a46a7f03dda9b4348,179,ind in groups,1,0
,179,group,0,0
,179,nominal,1,0
5d482ea721c9be351f762ea6,179,ind in groups,0,0
5f1f4a8246a7f03dda9b3f65,179,ind in groups,0,0
5f1f4b7246a7f03dda9b418d,179,ind in groups,0,1
,179,group,0,0
,179,nominal,1,1
5d482ea221c9be351f761e61,179,individual,1,1
5d482ea321c9be351f762080,179,individual,1,0
5f1b553046a7f03dda9abf8c,179,individual,1,1
5f1f421c46a7f03dda9b337a,179,individual,1,0
5f1f490646a7f03dda9b3bea,179,individual,1,1
5d482ea121c9be351f761caf,179,ind in groups,0,0
5d482ea221c9be351f761e61,179,ind in groups,0,0
5d482ea321c9be351f762080,179,ind in groups,0,0
5f1b553046a7f03dda9abf8c,179,ind in groups,0,1
5f1f421c46a7f03dda9b337a,179,ind in groups,0,0
,179,group,0,1
,179,nominal,1,0
5d482ea321c9be351f761fc8,179,individual,1,0
5d482ea421c9be351f7621e3,179,individual,1,1
5d482ea421c9be351f7621e7,179,individual,1,0
5f1f474446a7f03dda9b38a8,179,individual,1,0
5d482ea221c9be351f761dd4,179,ind in groups,0,1
5d482ea221c9be351f761e70,179,ind in groups,0,1
5d482ea321c9be351f761fc8,179,ind in groups,0,1
5d482ea421c9be351f7621e3,179,ind in groups,0,0
5d482ea421c9be351f7621e7,179,ind in groups,0,1
5d482ea721c9be351f762d1a,179,ind in groups,0,1
5f1f474446a7f03dda9b38a8,179,ind in groups,0,0
,179,group,0,1
,179,nominal,1,0
5f1ee20446a7f03dda9af1e7,179,individual,1,0
5f1f3fce46a7f03dda9b3174,179,individual,1,1
5f1f43d446a7f03dda9b3504,179,individual,1,0
5f1f458246a7f03dda9b376c,179,individual,1,1
5d482ea521c9be351f762481,179,ind in groups,0,1
5f1ee20446a7f03dda9af1e7,179,ind in groups,0,1
5f1f3fce46a7f03dda9b3174,179,ind in groups,0,1
5f1f400046a7f03dda9b317d,179,ind in groups,0,0
5f1f43d446a7f03dda9b3504,179,ind in groups,0,1
5f1f442e46a7f03dda9b3533,179,ind in groups,0,0
5f1f458246a7f03dda9b376c,179,ind in groups,0,0
,179,group,0,1
,179,nominal,1,1
5d482ea821c9be351f7631e3,179,individual,1,0
5eaddac8d5ea945196fabc70,179,individual,1,0
5f1f430246a7f03dda9b34a6,179,individual,1,1
5d482ea821c9be351f7631e3,179,ind in groups,0,1
5eaddac8d5ea945196fabc70,179,ind in groups,0,1
5f1f401e46a7f03dda9b31b9,179,ind in groups,0,0
,179,group,1,1
,179,nominal,0,0
5d482ea721c9be351f762f67,179,individual,0,1
5d482ea821c9be351f7632f4,179,individual,0,1
5d482eaa21c9be351f763cfb,179,individual,0,1
5d482eab21c9be351f764274,179,individual,0,0
5f1eed5846a7f03dda9b0054,179,individual,0,0
5f1f400046a7f03dda9b317c,179,individual,0,1
5d482ea821c9be351f7632f4,179,ind in groups,1,1
5d482eaa21c9be351f763cfb,179,ind in groups,1,1
5f1eed5846a7f03dda9b0054,179,ind in groups,1,1
5f1f400046a7f03dda9b317c,179,ind in groups,1,1
,179,group,0,1
,179,nominal,1,1
5ee1655a896280243c13812f,179,individual,1,1
5f19adf246a7f03dda9a2b6d,179,individual,1,1
5f19ae3846a7f03dda9a2be8,179,individual,1,0
5f1ae1c246a7f03dda9a9d8d,179,individual,1,0
5f1b5d1e46a7f03dda9acdad,179,individual,1,1
5f1b616046a7f03dda9ad4ef,179,individual,1,1
5f1b62f046a7f03dda9ad841,179,individual,1,1
5ee1655a896280243c13812f,179,ind in groups,0,1
5f19adf246a7f03dda9a2b6d,179,ind in groups,0,0
5f19ae3846a7f03dda9a2be8,179,ind in groups,0,1
5f1ae1c246a7f03dda9a9d8d,179,ind in groups,0,1
5f1b4e6e46a7f03dda9abce0,179,ind in groups,0,1
5f1b5d1e46a7f03dda9acdad,179,ind in groups,0,1
5f1b616046a7f03dda9ad4ef,179,ind in groups,0,1
5f1b62f046a7f03dda9ad841,179,ind in groups,0,1
,179,group,1,1
,179,nominal,0,0
5d482ea321c9be351f7620fd,179,individual,0,1
5d482ea621c9be351f762914,179,individual,0,1
5d482ea321c9be351f7620fd,179,ind in groups,1,1
5d482ea621c9be351f762914,179,ind in groups,1,1
,179,group,0,1
,179,nominal,1,1
5d482ea521c9be351f7626bd,179,individual,1,0
5f20311846a7f03dda9b86ee,179,individual,1,1
5f2031ea46a7f03dda9b8956,179,individual,1,0
5f20334846a7f03dda9b89cb,179,individual,1,0
5f2033ac46a7f03dda9b89de,179,individual,1,0
5f20342e46a7f03dda9b8a00,179,individual,1,1
5f2033ac46a7f03dda9b89de,179,ind in groups,0,1
5f20342e46a7f03dda9b8a00,179,ind in groups,0,1
,179,group,1,1
,179,nominal,0,0
5d482ea521c9be351f762700,179,individual,0,1
5d482ea621c9be351f7628ea,179,individual,0,0
5f20300046a7f03dda9b8683,179,individual,0,0
5f20302846a7f03dda9b8687,179,individual,0,0
5f2031ae46a7f03dda9b8950,179,individual,0,0
5d482ea521c9be351f762700,179,ind in groups,1,1
5d482ea621c9be351f7628ea,179,ind in groups,1,0
5d482ea721c9be351f762e62,179,ind in groups,1,1
5f1b603446a7f03dda9ad382,179,ind in groups,1,0
5f20300046a7f03dda9b8683,179,ind in groups,1,1
5f20302846a7f03dda9b8687,179,ind in groups,1,1
5f2031ae46a7f03dda9b8950,179,ind in groups,1,0
,179,group,0,0
,179,nominal,1,0
5f1f41fe46a7f03dda9b3378,179,individual,1,0
5f203bd646a7f03dda9b9951,179,individual,1,0
5f2096e4b0aafc741f6865be,179,individual,1,0
5f209702b0aafc741f6865cc,179,individual,1,0
5f2097cab0aafc741f68662d,179,individual,1,0
5f209806b0aafc741f68663d,179,individual,1,0
5f1f41fe46a7f03dda9b3378,179,ind in groups,0,0
5f203bd646a7f03dda9b9951,179,ind in groups,0,0
5f2096e4b0aafc741f6865be,179,ind in groups,0,0
5f209702b0aafc741f6865cc,179,ind in groups,0,0
5f2097cab0aafc741f68662d,179,ind in groups,0,0
5f209806b0aafc741f68663d,179,ind in groups,0,0
,179,group,0,0
,179,nominal,1,1
5f18c89c46a7f03dda99e1d0,179,individual,1,1
5f1f466846a7f03dda9b37c3,179,individual,1,1
5f2096dab0aafc741f6865bb,179,individual,1,0
5f18c89c46a7f03dda99e1d0,179,ind in groups,0,0
5f1a214246a7f03dda9a6aad,179,ind in groups,0,1
5f1f466846a7f03dda9b37c3,179,ind in groups,0,1
5f1f472646a7f03dda9b3895,179,ind in groups,0,0
5f1f4c3046a7f03dda9b4341,179,ind in groups,0,0
5f2096dab0aafc741f6865bb,179,ind in groups,0,0
